"First name","ID number"
王一號,ID001
王二號,ID002
王三號,ID003
王四號,ID004
王五號,ID005
王六號,ID006
王七號,ID007
王八號,ID008
王九號,ID009
王十號,ID010
王十一號,ID011
王十二號,ID012
王十三號,ID013
王十四號,ID014
王十五號,ID015
王十六號,ID016
王十七號,ID017
王十八號,ID018
王十九號,ID019
王二十號,ID020
王二十一號,ID021
王二十二號,ID022
王二十三號,ID023
王二十四號,ID024
王二十五號,ID025
王二十六號,ID026
王二十七號,ID027
王二十八號,ID028
王二十九號,ID029
王三十號,ID030
王三十一號,ID031
王三十二號,ID032
王三十三號,ID033
王三十四號,ID034
王三十五號,ID035
王三十六號,ID036
王三十七號,ID037
王三十八號,ID038
王三十九號,ID039
王四十號,ID040
王四十一號,ID041
王四十二號,ID042
王四十三號,ID043
王四十四號,ID044
王四十五號,ID045
王四十六號,ID046
王四十七號,ID047
王四十八號,ID048
王四十九號,ID049
王五十號,ID050